id;articlename;detail;uid;is_deleted;isenabled;update_date;create_date;create_by;update_by
1;payment Throughway Future-proofed;firewall;Oregon COM Outdoors;false;false;2017-05-26T00:15:00;2017-05-26T10:45:14;Tasty Tools;customized seamless
2;Avon Cotton Tasty;Sierra;Manager communities;false;false;2017-05-26T01:56:57;2017-05-26T18:11:54;SCSI;Incredible transmit Baby
3;Interactions;withdrawal;Integration Dollar;true;false;2017-05-26T16:59:50;2017-05-26T06:45:54;cohesive tan;Officer
4;Streamlined Account;knowledge indexing Handmade;hack AGP;false;false;2017-05-26T16:21:00;2017-05-26T06:30:21;Tactics markets;revolutionary compress
5;reboot Cambridgeshire calculate;blockchains Via Handcrafted;Analyst Open-architected zero;true;false;2017-05-26T09:46:37;2017-05-26T17:37:41;Garden;implement
6;online;redefine Credit Plaza;local silver;false;false;2017-05-26T12:23:34;2017-05-26T08:17:40;Visionary generation maroon;info-mediaries Devolved of
7;Chair matrices eyeballs;interactive;Identity Investment;true;false;2017-05-26T02:34:55;2017-05-26T08:23:16;e-services override;Cloned
8;Wooden strategize Knolls;methodologies indexing;Rubber Way Data;false;true;2017-05-26T04:59:37;2017-05-26T16:47:25;Senior fuchsia Fresh;streamline 1080p Garden
9;Palau;quantify XML Towels;communities;true;false;2017-05-25T22:04:52;2017-05-26T14:14:35;Mouse transmitter;Research
10;Cotton;Re-engineered;drive Future-proofed;false;false;2017-05-26T06:23:22;2017-05-26T06:27:22;XSS Electronics;International
