id;documentname;description;uid;path;contact_id;inputs;is_deleted;isenabled;update_date;create_date;create_by;update_by
1;invoice Tanzanian;Fantastic National;Gourde hacking;Serbia Salvador Maine;16732;Automotive Investor optical;true;false;2017-05-26T14:45:09;2017-05-26T10:04:57;pricing;Rwanda black Rustic
2;CSS Distributed Human;Technician sensor;invoice Money;utilisation Handmade envisioneer;26521;UIC-Franc;false;false;2017-05-26T18:18:32;2017-05-26T04:52:18;1080p Uzbekistan payment;Home
3;Guyana bricks-and-clicks Circles;Account up Health;indigo Customer;Frozen New;4558;benchmark;true;false;2017-05-26T10:22:28;2017-05-26T05:53:17;initiative;tertiary hacking purple
4;content visualize;Bike;drive;Indiana;49412;Senior pink Shirt;false;false;2017-05-26T13:34:50;2017-05-26T14:15:16;up Customer;Accounts
5;Solutions Arkansas encryption;Enterprise-wide Investor;web;Tools compress invoice;22304;Architect;false;false;2017-05-26T12:04:13;2017-05-26T13:48:19;Incredible;Indiana Sleek
6;Books;payment turquoise;architect;connect superstructure Accountability;40470;Corporate incentivize Grocery;true;false;2017-05-26T01:44:17;2017-05-25T23:55:17;invoice Producer;definition
7;lime;open-source Factors UIC-Franc;generation;bypass;78123;Fresh Fantastic;true;false;2017-05-26T02:36:59;2017-05-26T17:13:31;Pennsylvania Wyoming transmitting;Principe calculate deposit
8;visualize Developer;Account Versatile;system;port index navigate;13177;Representative Ergonomic Metal;true;false;2017-05-26T09:24:37;2017-05-25T19:21:35;deposit;Phased
9;tan scale;Soft vertical Legacy;line multi-byte quantifying;Bahrain Incredible IB;58875;Kyat;false;false;2017-05-26T13:58:46;2017-05-26T00:04:32;Advanced protocol;Guyana 1080p
10;parse redefine Clothing;Account Intranet Usability;matrix;Senior Grenadines;63238;Steel;false;true;2017-05-26T05:12:36;2017-05-26T18:00:10;multi-byte;portals Soft Producer
